,accuracy,precision,recall,f1,cm
average,0.956253083374445,0.9533841988678317,0.9590730149298076,0.9562201458917043,"[[38736  1653]
 [ 1894 38797]]"
Contain_Funny,0.6252343364578195,0.9969200198708396,0.24843397954888707,0.3977484441273239,"[[10034 30355]
 [   31 40660]]"
Fasttext,0.9560927479033053,0.9537491067688441,0.9583302384312561,0.9560341846564244,"[[38706  1683]
 [ 1877 38814]]"
