,accuracy,cm,f1,precision,recall
Fasttext,0.9560927479033053,"[[38706  1683]
 [ 1877 38814]]",0.9560341846564244,0.9537491067688441,0.9583302384312561
