,accuracy,cm,f1,precision,recall
Contain_Funny,0.6235841144548594,"[[ 50240 152452]
 [   147 202561]]",0.39703017634809684,0.997082580824419,0.24786375387287116
