,accuracy,cm,f1,precision,recall
Fasttext,0.9313147508633448,"[[37804  2585]
 [ 2984 37707]]",0.93139682422361,0.9268412278121017,0.9359974250414717
