,accuracy,cm,f1,precision,recall
Fasttext,0.9312284163788851,"[[37919  2470]
 [ 3106 37585]]",0.9315105510108825,0.9242900670322973,0.9388447349525861
