,accuracy,cm,f1,precision,recall
Fasttext,0.9336827824370991,"[[38016  2373]
 [ 3004 37687]]",0.9339507916815094,0.9267674305216967,0.9412463789645695
